INSERT INTO types (id, name, created_at) VALUES(1, 'Inspiradora', NOW());
INSERT INTO types (id, name, created_at) VALUES(2, 'Sabias', NOW());
INSERT INTO types (id, name, created_at) VALUES(3, 'Amor', NOW());
INSERT INTO types (id, name, created_at) VALUES(4, 'Paz', NOW());
INSERT INTO types (id, name, created_at) VALUES(5, 'Filosóficas', NOW());

INSERT INTO images (id, name, created_at) VALUES(1, 'Imagen1', NOW());
INSERT INTO images (id, name, created_at) VALUES(2, 'Imagen2', NOW());
INSERT INTO images (id, name, created_at) VALUES(3, 'Imagen3', NOW());
INSERT INTO images (id, name, created_at) VALUES(4, 'Imagen4', NOW());
INSERT INTO images (id, name, created_at) VALUES(5, 'Imagen5', NOW());
INSERT INTO images (id, name, created_at) VALUES(6, 'Imagen6', NOW());
INSERT INTO images (id, name, created_at) VALUES(7, 'Imagen7', NOW());
INSERT INTO images (id, name, created_at) VALUES(8, 'Imagen8', NOW());
INSERT INTO images (id, name, created_at) VALUES(9, 'Imagen9', NOW());
INSERT INTO images (id, name, created_at) VALUES(10, 'Imagen10', NOW());
INSERT INTO images (id, name, created_at) VALUES(11, 'Imagen11', NOW());

INSERT INTO authors (id, name, created_at) VALUES(1, 'Zig Ziglar', NOW());
INSERT INTO authors (id, name, created_at) VALUES(2, 'Robert H. Schuller', NOW());
INSERT INTO authors (id, name, created_at) VALUES(3, 'William Feather', NOW());
INSERT INTO authors (id, name, created_at) VALUES(4, 'Oscar Wilde', NOW());
INSERT INTO authors (id, name, created_at) VALUES(5, 'Benjamin Franklin', NOW());
INSERT INTO authors (id, name, created_at) VALUES(6, 'Aristóteles', NOW());
INSERT INTO authors (id, name, created_at) VALUES(7, 'Albert Camus', NOW());
INSERT INTO authors (id, name, created_at) VALUES(8, 'Buda', NOW());
INSERT INTO authors (id, name, created_at) VALUES(9, 'Francisco de Asís', NOW());
INSERT INTO authors (id, name, created_at) VALUES(10, 'Tales de Mileto', NOW());
INSERT INTO authors (id, name, created_at) VALUES(11, 'Francis Bacon', NOW());
INSERT INTO authors (id, name, created_at) VALUES(12, 'Sócrates', NOW());
INSERT INTO authors (id, name, created_at) VALUES(13, 'Jean-Paul Sartre', NOW());
INSERT INTO authors (id, name, created_at) VALUES(14, 'Erich Fromm', NOW());
INSERT INTO authors (id, name, created_at) VALUES(15, 'Karl Marx', NOW());
INSERT INTO authors (id, name, created_at) VALUES(16, 'Platón', NOW());
INSERT INTO authors (id, name, created_at) VALUES(17, 'Confucio', NOW());
INSERT INTO authors (id, name, created_at) VALUES(18, 'Blaise Pascal', NOW());
INSERT INTO authors (id, name, created_at) VALUES(19, 'Arthur Schopenhauer', NOW());
INSERT INTO authors (id, name, created_at) VALUES(20, 'Bertrand Russell', NOW());
INSERT INTO authors (id, name, created_at) VALUES(21, 'Søren Kierkegaard', NOW());
INSERT INTO authors (id, name, created_at) VALUES(22, 'Maquiavelo', NOW());
INSERT INTO authors (id, name, created_at) VALUES(23, 'John Locke', NOW());
INSERT INTO authors (id, name, created_at) VALUES(24, 'Spinoza', NOW());
INSERT INTO authors (id, name, created_at) VALUES(25, 'Epíteto', NOW());
INSERT INTO authors (id, name, created_at) VALUES(26, 'Tolstoi', NOW());
INSERT INTO authors (id, name, created_at) VALUES(27, 'Jean-Jacques Rousseau', NOW());
INSERT INTO authors (id, name, created_at) VALUES(28, 'Heráclito', NOW());
INSERT INTO authors (id, name, created_at) VALUES(29, 'San Agustín', NOW());
INSERT INTO authors (id, name, created_at) VALUES(30, 'Séneca', NOW());
INSERT INTO authors (id, name, created_at) VALUES(31, 'Friedrich Nietzsche', NOW());
INSERT INTO authors (id, name, created_at) VALUES(32, 'René Descartes', NOW());
INSERT INTO authors (id, name, created_at) VALUES(33, 'Adam Smith', NOW());
INSERT INTO authors (id, name, created_at) VALUES(34, 'Eckhart Tolle', NOW());
INSERT INTO authors (id, name, created_at) VALUES(35, 'William James', NOW());
INSERT INTO authors (id, name, created_at) VALUES(36, 'Kant', NOW());
INSERT INTO authors (id, name, created_at) VALUES(37, 'Gustavo Bueno', NOW());
INSERT INTO authors (id, name, created_at) VALUES(38, 'Hermann Hesse', NOW());
INSERT INTO authors (id, name, created_at) VALUES(39, 'Diógenes el Cínico', NOW());
INSERT INTO authors (id, name, created_at) VALUES(40, 'Petrarca', NOW());
INSERT INTO authors (id, name, created_at) VALUES(41, 'Dante Alighieri', NOW());
INSERT INTO authors (id, name, created_at) VALUES(42, 'Ludwig Wittgenstein', NOW());
INSERT INTO authors (id, name, created_at) VALUES(43, 'Hipócrates', NOW());
INSERT INTO authors (id, name, created_at) VALUES(44, 'Lenin', NOW());
INSERT INTO authors (id, name, created_at) VALUES(45, 'Protágoras', NOW());
INSERT INTO authors (id, name, created_at) VALUES(46, 'Henri-Louis Berson', NOW());

INSERT INTO phrases (body, author_id, type_id, image_id, likes_counter, created_at) VALUES('Si puedes soñarlo, puedes lograrlo', '1', '1', '1', 121 ,NOW());
INSERT INTO phrases (body, author_id, type_id, image_id, likes_counter, created_at) VALUES('¿Qué grandes cosas intentarías si supieras que no vas a fracasar?', '2', '1', '2', 423, NOW());
INSERT INTO phrases (body, author_id, type_id, image_id, likes_counter, created_at) VALUES('El éxito parece ser en buena parte cuestión de perseverar después de que otros hayan abandonado', '3', '1', '3', 211, NOW());
INSERT INTO phrases (body, author_id, type_id, image_id, likes_counter, created_at) VALUES('Amarse a uno mismo es el comienzo de un romance de por vida', '4', '2', '4', 201, NOW());
INSERT INTO phrases (body, author_id, type_id, image_id, likes_counter, created_at) VALUES('No escondas tus talentos que se hicieron para usarlos, ¿qué es un reloj de sol en la sombra?', '5', '2', '5', 152, NOW());
INSERT INTO phrases (body, author_id, type_id, image_id, likes_counter, created_at) VALUES('El amor se compone de una sola alma que habita en dos cuerpos', '6', '3', '6', 141 ,NOW());
INSERT INTO phrases (body, author_id, type_id, image_id, likes_counter, created_at) VALUES('No ser amados es una simple desventura; la verdadera desgracia es no amar', '7', '3', '7', 511 ,NOW());
INSERT INTO phrases (body, author_id, type_id, image_id, likes_counter, created_at) VALUES('Más que mil palabras inútiles, vale una sola que otorgue paz', '8', '4', '8', 271 ,NOW());
INSERT INTO phrases (body, author_id, type_id, image_id, likes_counter, created_at) VALUES('Que la paz que anuncian con sus palabras esté primero en sus corazones', '9', '4', '9', 211 ,NOW());
INSERT INTO phrases (body, author_id, type_id, image_id, likes_counter, created_at) VALUES('La cosa más difícil es conocernos a nosotros mismos; la más fácil es hablar mal de los demás', '10', '5', '10', 137 ,NOW());
INSERT INTO phrases (body, author_id, type_id, image_id, likes_counter, created_at) VALUES('El conocimiento es poder', '11', '5', '11', 674 ,NOW());
INSERT INTO phrases (body, author_id, type_id, image_id, likes_counter, created_at) VALUES('No puedo enseñar nada a nadie. Solo puedo hacerles pensar', '12', '5', '11', 11,NOW());
INSERT INTO phrases (body, author_id, type_id, image_id, likes_counter, created_at) VALUES('No juzgamos a las personas que amamos', '13', '5', '11', 64,NOW());
INSERT INTO phrases (body, author_id, type_id, image_id, likes_counter, created_at) VALUES('El amor inmaduro dice: “te amo porque te necesito”. El maduro dice: “te necesito porque te amo”', '14', '5', '11', 66 ,NOW());
INSERT INTO phrases (body, author_id, type_id, image_id, likes_counter, created_at) VALUES('La peor lucha es la que no se hace', '15', '5', '11', 13 ,NOW());
INSERT INTO phrases (body, author_id, type_id, image_id, likes_counter, created_at) VALUES('La pobreza no viene por la disminución de las riquezas, sino por la multiplicación de los deseos', '16', '5', '11', 41 ,NOW());
INSERT INTO phrases (body, author_id, type_id, image_id, likes_counter, created_at) VALUES('No lastimes a los demás con lo que te causa dolor a ti mismo', '8', '5', '11', 34 ,NOW());
INSERT INTO phrases (body, author_id, type_id, image_id, likes_counter, created_at) VALUES('Exígete mucho a ti mismo y espera poco de los demás. Así te ahorrarás disgustos', '18', '5', '11', 88 ,NOW());
INSERT INTO phrases (body, author_id, type_id, image_id, likes_counter, created_at) VALUES('El corazón tiene razones que la razón ignora', '19', '5', '11', 99 ,NOW());
INSERT INTO phrases (body, author_id, type_id, image_id, likes_counter, created_at) VALUES('Pocas veces pensamos en lo que tenemos; pero siempre en lo que nos falta', '20', '5', '11', 78 ,NOW());
INSERT INTO phrases (body, author_id, type_id, image_id, likes_counter, created_at) VALUES('Nunca moriría por mis creencias porque podría estar equivocado', '21', '5', '11', 75 ,NOW());
INSERT INTO phrases (body, author_id, type_id, image_id, likes_counter, created_at) VALUES('Nuestra vida siempre expresa el resultado de nuestros pensamientos dominantes', '22', '5', '11', 21 ,NOW());
INSERT INTO phrases (body, author_id, type_id, image_id, likes_counter, created_at) VALUES('Debo encontrar una verdad que sea verdad para mí', '22', '5', '11', 62 ,NOW());
INSERT INTO phrases (body, author_id, type_id, image_id, likes_counter, created_at) VALUES('Todo el mundo ve lo que aparentas ser, pocos experimentan lo que realmente eres', '23', '5', '11', 65 ,NOW());
INSERT INTO phrases (body, author_id, type_id, image_id, likes_counter, created_at) VALUES('Frecuentemente hay más que aprender de las preguntas inesperadas de un niño que de los discursos de un hombre', '24', '5', '11', 2 ,NOW());
INSERT INTO phrases (body, author_id, type_id, image_id, likes_counter, created_at) VALUES('El deseo es la verdadera esencia del hombre', '25', '5', '11', 2 ,NOW());
INSERT INTO phrases (body, author_id, type_id, image_id, likes_counter, created_at) VALUES('No es lo que te ocurre, sino cómo reaccionas lo que importa', '26', '5', '11', 68 ,NOW());
INSERT INTO phrases (body, author_id, type_id, image_id, likes_counter, created_at) VALUES('El secreto de la felicidad no es hacer siempre lo que se quiere, sino querer siempre lo que se hace', '27', '5', '11', 64 ,NOW());
INSERT INTO phrases (body, author_id, type_id, image_id, likes_counter, created_at) VALUES('La paciencia es amarga, pero su fruto es dulce', '28', '5', '11', 14 ,NOW());
INSERT INTO phrases (body, author_id, type_id, image_id, likes_counter, created_at) VALUES('Nuestra envidia siempre dura más que la felicidad de quien envidiamos', '29', '5', '11', 62 ,NOW());
INSERT INTO phrases (body, author_id, type_id, image_id, likes_counter, created_at) VALUES('La medida del amor es amar sin medida', '30', '5', '11', 86 ,NOW());
INSERT INTO phrases (body, author_id, type_id, image_id, likes_counter, created_at) VALUES('Hace falta una vida para aprender a vivir', '31', '5', '11', 98 ,NOW());
INSERT INTO phrases (body, author_id, type_id, image_id, likes_counter, created_at) VALUES('Aquel que tiene un porqué para vivir se puede enfrentar a todos los "cómos"', '32', '5', '11', 67 ,NOW());
INSERT INTO phrases (body, author_id, type_id, image_id, likes_counter, created_at) VALUES('Vivir sin filosofar es, propiamente, tener los ojos cerrados, sin tratar de abrirlos jamás', '33', '5', '11', 73 ,NOW());
INSERT INTO phrases (body, author_id, type_id, image_id, likes_counter, created_at) VALUES('Si abordas cada situación como asunto de vida o muerte, morirás muchas veces', '34', '5', '11', 41 ,NOW());
INSERT INTO phrases (body, author_id, type_id, image_id, likes_counter, created_at) VALUES('En general, las nueve décimas partes de nuestra felicidad se fundamentan en la salud', '20', '5', '11', 63, NOW());
INSERT INTO phrases (body, author_id, type_id, image_id, likes_counter, created_at) VALUES('El pasado no tiene poder sobre el momento presente', '35', '5', '11', 73 ,NOW());
INSERT INTO phrases (body, author_id, type_id, image_id, likes_counter, created_at) VALUES('Cree que tu vida merece la pena ser vivida y esa creencia ayudará a crear el hecho', '36', '5', '11', 55 ,NOW());
INSERT INTO phrases (body, author_id, type_id, image_id, likes_counter, created_at) VALUES('Los grandes resultados requieren grandes ambiciones', '29', '5', '11', 32 ,NOW());
INSERT INTO phrases (body, author_id, type_id, image_id, likes_counter, created_at) VALUES('Vemos las cosas, no como son, sino como somos nosotros', '37', '5', '11', 31 ,NOW());
INSERT INTO phrases (body, author_id, type_id, image_id, likes_counter, created_at) VALUES('La cultura selecta es el opio del pueblo democrático', '38', '5', '11', 71 ,NOW());
INSERT INTO phrases (body, author_id, type_id, image_id, likes_counter, created_at) VALUES('Cuando buscamos a alguien, buscamos en nuestro entorno algo que está dentro de todos', '39', '5', '11', 62 ,NOW());
INSERT INTO phrases (body, author_id, type_id, image_id, likes_counter, created_at) VALUES('Cuanto más conozco a la gente, más quiero a mi perro', '40', '5', '11', 5 ,NOW());
INSERT INTO phrases (body, author_id, type_id, image_id, likes_counter, created_at) VALUES('Seguid a los menos, y no al vulgo', '41', '5', '11', 61 ,NOW());
INSERT INTO phrases (body, author_id, type_id, image_id, likes_counter, created_at) VALUES('Quien sabe de dolor, todo lo sabe', '42', '5', '11', 34 ,NOW());
INSERT INTO phrases (body, author_id, type_id, image_id, likes_counter, created_at) VALUES('La filosofía es una lucha contra el embrujamiento de nuestra inteligencia mediante el uso del lenguaje', '43', '5', '11', 74 ,NOW());
INSERT INTO phrases (body, author_id, type_id, image_id, likes_counter, created_at) VALUES('Tus fuerzas naturales, las que están dentro de ti, serán las que curarán tus enfermedades', '44', '5', '11', 67 ,NOW());
INSERT INTO phrases (body, author_id, type_id, image_id, likes_counter, created_at) VALUES('Allí donde reinan la quietud y la meditación, no hay lugar para las preocupaciones ni para la disipación', '9', '5', '11', 64 ,NOW());
INSERT INTO phrases (body, author_id, type_id, image_id, likes_counter, created_at) VALUES('No hay teoría revolucionaria sin práctica revolucionaria', '45', '5', '11', 674 ,NOW());
INSERT INTO phrases (body, author_id, type_id, image_id, likes_counter, created_at) VALUES('El hombre es la medida de todas las cosas', '46', '5', '11', 3 ,NOW());
INSERT INTO phrases (body, author_id, type_id, image_id, likes_counter, created_at) VALUES('Piensa como un hombre de acción, actúa como un hombre de pensamiento', '9', '5', '11', 2,NOW());
